record_id,owner,game_type,score,result,play_time,created_at
71,174,레이드,2721,패배,22,2024-12-30 02:53:51.896905
828,99,PvP,3899,패배,114,2025-01-21 21:45:40.880550
232,57,PvE,4004,무승부,74,2025-05-30 05:41:28.537381
589,261,PvP,9401,무승부,46,2025-05-03 18:02:39.164536
40,220,이벤트,160,승리,38,2025-03-20 02:59:44.191396
732,279,퀘스트,7924,승리,47,2024-12-21 13:56:36.023573
300,87,레이드,1655,무승부,19,2025-04-05 19:35:48.844532
111,255,PvE,6926,승리,101,2025-03-01 01:52:56.635489
73,273,PvE,9827,패배,33,2025-05-27 12:52:20.337181
87,247,퀘스트,5740,패배,28,2024-12-08 22:41:45.625140
140,97,PvP,8316,무승부,72,2025-04-07 12:13:19.335963
534,133,PvE,8582,패배,37,2025-03-03 03:39:32.920132
802,153,PvP,2433,패배,12,2025-02-13 13:24:35.331042
121,38,퀘스트,7083,패배,79,2024-12-06 09:45:03.145900
712,212,레이드,222,승리,101,2025-05-26 12:51:00.508004
591,292,이벤트,4140,승리,63,2025-01-24 01:54:05.810809
169,209,PvP,1151,무승부,16,2024-12-13 23:24:37.243529
423,235,레이드,9649,승리,66,2025-05-02 10:27:24.160905
448,67,레이드,989,무승부,46,2025-05-07 08:05:37.364135
68,4,퀘스트,5000,승리,85,2025-01-30 01:24:38.337850
212,131,퀘스트,5030,무승부,21,2025-01-18 11:24:10.163362
742,129,퀘스트,3936,무승부,107,2025-04-01 03:43:51.761163
689,234,레이드,8998,패배,42,2025-04-26 19:31:23.752807
334,252,이벤트,4276,승리,119,2025-03-10 09:52:18.940628
543,12,퀘스트,9766,패배,61,2025-02-10 10:04:45.642190
345,237,PvE,4767,패배,70,2025-05-29 18:14:44.167143
31,83,레이드,7707,패배,42,2025-03-05 22:19:48.310338
838,125,PvP,6553,무승부,115,2025-01-02 23:45:14.398980
659,18,퀘스트,3018,승리,63,2025-04-30 04:14:21.042762
523,145,이벤트,4459,무승부,86,2025-01-16 09:01:25.549061
261,99,퀘스트,6091,패배,17,2024-12-11 13:24:43.847564
757,273,PvP,1496,무승부,63,2025-01-05 11:06:49.289513
299,198,레이드,1467,패배,80,2025-04-19 09:07:01.949109
532,221,PvP,3060,무승부,36,2025-04-30 23:22:13.163370
616,136,퀘스트,3644,패배,29,2025-01-30 23:26:35.886750
676,14,PvP,2155,승리,15,2024-12-11 23:40:30.392783
24,78,이벤트,6242,패배,74,2025-03-17 20:23:55.185383
590,15,퀘스트,3750,승리,43,2025-04-24 22:39:13.713509
432,63,PvE,7741,승리,107,2024-12-03 07:19:27.742543
210,105,퀘스트,7536,무승부,51,2025-01-17 00:44:43.224856
64,224,레이드,2325,무승부,118,2025-02-11 00:22:17.547000
240,7,퀘스트,2033,무승부,55,2025-01-10 08:33:29.419280
371,234,PvE,5901,승리,73,2025-04-08 06:51:24.311885
745,102,퀘스트,6521,패배,102,2025-04-02 23:39:29.946387
653,30,퀘스트,3078,패배,43,2025-05-03 10:46:24.324949
626,59,퀘스트,9571,승리,16,2025-01-23 13:27:04.983082
216,150,퀘스트,6373,패배,87,2024-12-09 11:45:53.463755
520,204,퀘스트,7454,무승부,63,2025-05-11 23:40:38.443468
495,248,레이드,3956,무승부,109,2025-05-27 11:14:06.239519
833,150,PvP,2992,패배,41,2024-12-21 00:09:12.436387
454,151,레이드,7828,무승부,52,2025-02-12 18:38:00.891239
353,286,이벤트,9300,승리,16,2025-05-12 12:42:57.689167
550,137,퀘스트,1969,무승부,6,2025-01-30 02:25:16.817369
281,149,이벤트,6656,패배,49,2024-12-08 19:36:17.528545
248,26,퀘스트,1961,패배,83,2024-12-09 11:28:28.600899
214,249,레이드,1843,패배,94,2025-05-31 17:15:20.962027
138,8,레이드,9618,무승부,41,2025-04-27 05:57:45.404206
397,59,PvP,3412,무승부,66,2025-03-20 03:06:49.046505
303,209,PvE,7738,무승부,64,2025-05-02 03:37:18.797883
544,261,퀘스트,8777,승리,46,2025-03-27 09:01:37.140968
45,138,퀘스트,1574,패배,39,2025-02-12 15:49:28.993496
391,17,레이드,6314,승리,111,2025-02-03 12:43:08.516564
740,63,퀘스트,5035,승리,44,2025-04-15 00:03:12.007719
449,205,이벤트,2735,무승부,29,2025-01-29 11:47:18.100225
209,102,레이드,8461,패배,93,2025-02-06 06:28:00.669882
199,121,퀘스트,6668,패배,62,2025-02-14 06:00:58.913310
669,119,레이드,9221,패배,43,2025-05-13 21:21:12.368694
517,242,PvP,1119,무승부,106,2025-03-13 09:18:10.159719
329,44,레이드,848,승리,76,2025-04-24 22:09:09.795267
450,63,레이드,5805,무승부,10,2024-12-17 12:23:05.937749
627,205,레이드,3829,승리,103,2024-12-11 07:06:05.095564
584,124,퀘스트,5768,승리,111,2025-05-23 18:12:36.395280
827,61,퀘스트,6351,무승부,96,2025-02-04 04:29:47.073784
315,269,PvE,1095,패배,5,2025-03-17 19:04:35.870604
137,270,PvE,7328,승리,8,2025-04-26 16:47:55.523544
844,210,PvP,6975,무승부,109,2025-03-24 18:17:44.362407
362,49,퀘스트,7286,무승부,87,2025-05-12 14:43:26.587713
494,299,이벤트,7960,승리,45,2025-04-30 16:47:04.993622
61,126,퀘스트,7435,패배,49,2025-02-05 02:39:02.743339
665,240,PvE,1039,승리,86,2025-01-11 12:23:12.655548
526,96,이벤트,3970,패배,27,2025-03-19 21:36:40.492784
175,94,이벤트,6158,패배,12,2025-05-10 19:48:20.868953
537,252,퀘스트,6313,패배,31,2025-05-18 11:39:49.218859
67,105,레이드,5442,무승부,119,2024-12-27 09:16:26.897645
821,254,레이드,6100,패배,21,2025-04-10 01:47:47.559066
778,27,레이드,8152,패배,47,2025-03-05 16:23:41.870348
382,278,레이드,2872,무승부,97,2025-04-09 15:34:04.661405
486,160,레이드,8358,무승부,89,2025-02-14 23:01:40.121264
219,221,퀘스트,1277,무승부,91,2025-03-02 07:35:20.265135
576,182,PvP,7482,패배,47,2025-02-23 18:06:28.304110
347,103,PvE,7968,패배,104,2025-03-05 05:41:23.774680
546,294,이벤트,8368,패배,36,2024-12-16 12:29:48.297950
801,185,퀘스트,460,승리,119,2025-04-13 11:14:39.920820
810,20,이벤트,6216,패배,11,2025-05-28 02:47:12.077077
779,126,레이드,5186,승리,5,2025-03-24 06:32:46.770642
399,188,이벤트,7345,무승부,107,2025-05-01 16:15:21.839065
77,153,PvP,7847,무승부,83,2025-03-24 07:47:37.880339
197,167,이벤트,378,패배,110,2025-02-23 10:43:02.305868
632,85,이벤트,4837,승리,55,2025-04-09 17:40:48.047768
752,142,퀘스트,8025,패배,27,2025-02-26 15:48:05.232966
571,101,이벤트,8921,승리,69,2024-12-24 01:27:15.386410
406,203,PvP,2813,승리,79,2025-02-02 05:59:28.017984
513,234,레이드,4968,무승부,80,2025-04-02 03:07:02.295984
339,287,레이드,6684,승리,12,2025-05-31 19:44:46.107932
896,71,PvE,3796,패배,25,2025-03-17 17:30:14.681261
228,79,이벤트,1917,승리,22,2025-01-17 03:18:57.324385
670,208,레이드,3089,승리,76,2025-05-09 15:16:13.174817
205,123,PvE,6695,패배,32,2025-02-17 01:00:44.186858
746,24,이벤트,1258,승리,74,2025-04-25 14:41:19.909735
193,254,PvP,6557,승리,98,2025-05-01 00:45:32.432027
875,288,PvP,9064,패배,46,2025-01-08 19:01:35.422224
795,110,PvP,8797,승리,8,2025-05-06 12:59:10.914494
775,229,이벤트,8037,승리,111,2024-12-16 10:55:10.855247
482,80,PvE,3497,무승부,58,2025-04-02 15:00:00.851267
835,270,레이드,7639,패배,99,2025-02-10 11:52:41.056962
466,270,PvP,8540,패배,38,2024-12-10 11:48:25.085458
808,293,PvP,7761,무승부,116,2024-12-26 21:51:25.243797
886,60,레이드,5196,패배,77,2025-04-08 10:36:23.929648
97,190,퀘스트,4976,패배,120,2025-01-02 07:21:35.850554
892,217,퀘스트,4760,승리,108,2025-01-31 23:06:22.980698
327,288,PvE,3675,무승부,93,2025-04-03 12:59:21.754567
295,246,레이드,1866,패배,91,2025-01-13 09:19:06.504969
211,40,레이드,9729,무승부,70,2025-02-22 15:47:06.241034
441,224,이벤트,7046,패배,29,2025-03-05 07:47:19.019264
784,130,PvE,7536,승리,26,2025-02-01 19:27:40.596753
79,255,PvE,8181,무승부,77,2025-05-15 19:42:07.644521
266,291,PvE,1277,무승부,111,2025-01-05 01:08:36.152582
830,58,레이드,5940,무승부,10,2025-01-02 16:39:17.768946
429,147,레이드,5960,승리,21,2025-04-23 11:03:34.332786
142,256,PvP,1083,무승부,78,2025-01-22 03:53:43.664029
583,11,레이드,6772,패배,118,2025-03-03 12:33:22.774790
744,79,이벤트,232,승리,43,2024-12-20 12:25:27.011453
364,120,이벤트,2372,승리,108,2025-03-11 22:48:14.479880
66,80,PvE,6292,승리,76,2025-04-05 04:54:18.493497
790,171,레이드,5059,승리,53,2025-05-25 13:27:07.898638
292,244,PvP,524,패배,103,2024-12-26 07:42:04.040725
604,6,PvP,9957,패배,57,2025-02-02 05:50:39.739061
858,167,레이드,4229,패배,5,2025-02-03 07:12:51.818906
487,232,PvE,1321,무승부,40,2025-04-01 16:00:59.960712
236,5,퀘스트,7930,승리,101,2025-04-13 21:40:05.606947
251,70,PvE,1924,무승부,114,2025-01-03 10:07:45.457920
50,52,PvE,2348,무승부,32,2025-05-01 13:10:32.383733
658,165,레이드,5563,무승부,116,2025-02-19 17:06:43.285140
310,133,레이드,6396,패배,95,2025-01-12 19:40:51.937947
710,224,PvP,4936,패배,27,2025-02-24 22:58:17.109926
276,133,PvE,8906,승리,58,2025-02-06 08:24:04.302216
895,233,퀘스트,2991,무승부,117,2025-02-23 04:59:30.914785
166,159,이벤트,8205,승리,106,2025-01-28 14:56:21.565948
514,77,이벤트,1181,패배,81,2025-01-28 18:55:23.528947
34,228,이벤트,2801,승리,60,2025-03-07 00:02:47.429086
32,155,PvE,9856,패배,7,2025-02-05 16:25:00.703310
674,82,레이드,8404,패배,106,2025-02-16 11:40:54.403839
405,146,퀘스트,7827,패배,64,2025-04-23 01:23:14.351336
519,54,PvP,6514,무승부,7,2025-05-15 06:10:44.835508
431,182,PvP,110,무승부,99,2025-04-25 00:42:41.461783
110,187,PvE,7223,패배,60,2025-02-16 06:59:23.845931
78,33,레이드,8628,무승부,86,2025-01-29 04:42:33.459972
413,161,PvP,4370,패배,64,2025-01-31 22:25:34.462866
313,60,PvP,1217,승리,63,2025-03-28 12:46:51.019463
83,256,PvP,7450,무승부,64,2025-05-18 08:57:16.409851
322,229,PvE,8786,무승부,42,2025-02-04 03:23:34.742419
650,57,퀘스트,5352,패배,70,2025-05-15 14:21:20.884578
694,130,PvE,8594,승리,91,2025-05-13 17:40:03.882451
361,265,PvE,644,승리,7,2024-12-28 09:26:19.023854
488,210,이벤트,9772,승리,94,2025-04-12 04:22:09.911871
465,297,퀘스트,561,승리,86,2025-06-01 06:29:49.529577
6,83,퀘스트,914,패배,35,2025-04-26 15:09:00.441153
55,300,레이드,808,무승부,31,2025-05-04 12:38:06.580265
735,272,PvE,601,승리,82,2025-05-25 02:33:36.856178
463,268,PvE,9878,무승부,39,2025-02-19 05:01:47.408017
324,92,이벤트,5760,승리,58,2025-02-17 09:28:20.790955
368,122,PvP,8499,패배,26,2025-04-16 02:10:39.001415
98,212,PvP,4632,무승부,78,2025-05-01 12:51:33.675446
445,157,퀘스트,8870,승리,119,2024-12-18 17:01:37.002305
577,202,PvP,4515,무승부,53,2025-01-05 02:43:07.377742
898,18,PvE,8959,승리,93,2025-05-12 01:31:03.631373
579,247,레이드,6394,패배,117,2025-06-02 03:41:10.484069
780,106,이벤트,2628,승리,69,2025-05-23 20:11:15.409877
26,50,이벤트,1067,패배,109,2025-03-16 11:39:58.943732
85,177,레이드,6862,무승부,28,2024-12-20 12:09:15.098688
11,288,PvP,6408,승리,97,2025-04-20 04:09:15.389162
335,6,PvE,8461,무승부,6,2025-05-19 22:00:20.392470
245,181,이벤트,1455,무승부,13,2025-05-28 13:49:15.915768
679,286,PvE,6107,무승부,69,2025-02-07 08:40:38.437926
307,214,퀘스트,9915,패배,14,2025-06-01 11:20:57.435757
592,165,레이드,9067,패배,7,2025-05-24 09:26:04.628120
119,54,레이드,9568,패배,42,2024-12-06 18:31:21.486838
291,247,PvP,7520,승리,73,2025-03-31 18:24:55.973438
317,156,레이드,4490,패배,9,2025-01-04 07:03:21.095827
30,146,PvP,1553,무승부,106,2025-02-21 10:30:15.861305
56,247,퀘스트,3554,승리,63,2024-12-27 18:26:17.989206
418,13,PvP,1659,무승부,85,2025-03-02 14:21:20.701313
600,105,이벤트,4626,승리,23,2025-02-23 15:42:42.980716
851,295,레이드,4532,승리,38,2025-05-15 15:23:34.289418
369,91,퀘스트,3880,무승부,11,2025-02-20 07:38:48.192046
82,41,이벤트,9407,무승부,104,2025-01-15 15:34:59.225694
630,215,PvP,2585,승리,46,2025-01-27 01:45:41.999007
376,185,레이드,2894,승리,111,2025-04-07 10:06:03.254715
863,142,이벤트,2403,무승부,51,2025-04-19 18:22:14.656802
427,134,PvE,4194,무승부,63,2025-04-16 12:09:35.893092
788,178,레이드,7668,승리,37,2025-01-11 15:29:25.305902
570,213,PvP,3568,승리,64,2025-03-25 08:01:39.565903
698,56,이벤트,4612,무승부,47,2025-04-13 02:36:48.720055
287,216,PvP,8392,패배,39,2024-12-06 18:03:49.758682
715,246,PvE,6125,승리,95,2025-05-23 14:53:38.792627
540,110,이벤트,9466,패배,10,2025-04-29 18:18:00.441028
358,71,레이드,2079,패배,24,2025-05-04 15:59:27.268119
769,187,PvP,6142,승리,83,2025-04-08 17:42:19.062057
846,19,레이드,8975,무승부,30,2025-04-23 12:43:45.423603
719,172,이벤트,5258,무승부,17,2025-02-19 01:50:35.539769
395,39,이벤트,4216,승리,42,2024-12-24 22:20:32.759494
501,149,PvE,8499,승리,23,2025-03-29 09:05:00.018440
366,145,이벤트,7748,패배,106,2025-05-20 06:51:42.035365
731,17,PvP,9141,패배,99,2025-04-09 12:06:42.749144
483,192,이벤트,2296,무승부,84,2025-04-12 04:21:35.039918
410,298,이벤트,8955,무승부,79,2025-02-16 16:08:18.192478
474,111,레이드,5612,무승부,61,2025-05-17 15:47:43.184514
293,179,레이드,7923,승리,101,2025-04-06 05:52:19.368020
8,38,이벤트,4642,패배,5,2024-12-13 23:55:30.708511
452,241,레이드,2515,무승부,64,2025-02-10 17:55:20.550133
156,134,PvE,3222,패배,49,2025-03-02 00:25:36.480296
352,225,레이드,4895,무승부,85,2025-04-06 10:58:51.697977
430,138,PvP,8391,무승부,57,2025-03-13 18:19:09.614395
102,141,PvP,942,패배,12,2025-05-08 17:25:58.923512
200,116,PvP,3430,무승부,36,2025-02-10 00:53:43.404987
614,75,퀘스트,6790,승리,76,2025-01-17 13:05:24.915406
529,60,퀘스트,9162,패배,44,2025-04-10 04:45:04.546230
816,148,퀘스트,2729,승리,106,2025-05-20 09:14:26.149216
381,275,PvP,8106,패배,31,2024-12-05 01:01:39.552945
301,106,레이드,5935,승리,86,2025-02-20 01:55:09.220937
417,4,퀘스트,5502,패배,6,2025-04-27 10:02:42.218237
879,213,PvE,5274,승리,102,2025-02-04 22:42:04.961609
320,206,퀘스트,8983,무승부,67,2025-01-17 13:29:01.767073
3,34,이벤트,3781,승리,30,2025-02-11 00:50:00.089283
255,172,이벤트,7817,승리,116,2025-01-01 11:47:12.567968
508,98,PvE,4915,승리,17,2025-02-24 21:35:00.703159
500,40,PvP,6373,무승부,38,2024-12-28 14:25:14.082784
267,54,이벤트,2569,무승부,96,2025-05-22 19:26:59.130657
159,19,이벤트,2636,패배,25,2025-03-21 22:59:57.342364
522,265,이벤트,7552,패배,15,2025-04-30 23:05:06.623338
837,146,레이드,252,무승부,40,2024-12-05 09:47:35.080408
568,261,PvP,897,승리,116,2025-01-20 03:34:39.840138
333,290,PvP,2780,승리,31,2025-01-23 22:29:42.038411
433,288,레이드,5483,패배,89,2024-12-03 06:26:58.789501
306,39,이벤트,2600,패배,42,2025-02-10 00:11:06.426170
437,85,PvP,6763,패배,79,2025-03-27 01:19:13.501123
527,115,레이드,9047,무승부,24,2025-02-12 05:05:05.452944
409,202,PvE,8216,패배,88,2025-05-05 10:46:36.465234
894,49,PvE,1300,무승부,89,2025-01-23 00:01:33.292727
360,202,이벤트,3148,무승부,38,2024-12-26 15:55:23.806867
586,139,레이드,6736,승리,42,2025-05-22 00:40:04.696841
656,16,PvP,4918,승리,37,2024-12-04 07:41:03.870914
660,250,PvP,5780,패배,91,2025-04-22 16:02:16.319812
213,178,퀘스트,830,패배,105,2025-03-23 06:36:07.788171
829,3,이벤트,7389,패배,38,2025-03-05 14:37:25.280164
80,27,퀘스트,5940,무승부,35,2025-01-27 17:01:53.103014
149,83,이벤트,5749,승리,101,2025-04-17 11:43:10.441515
260,229,퀘스트,3005,승리,31,2025-02-15 09:16:19.105548
595,209,PvP,8801,패배,98,2024-12-14 17:57:03.952510
843,111,PvP,4066,무승부,36,2025-03-21 20:22:11.787259
383,67,PvP,4307,무승부,108,2025-04-18 22:18:44.293938
484,184,퀘스트,9185,패배,102,2025-04-28 14:25:17.418018
134,74,레이드,1386,승리,22,2025-03-30 13:04:48.900600
469,81,PvP,3629,패배,5,2025-02-18 23:47:20.895404
549,300,PvE,3418,승리,11,2024-12-02 18:50:36.531963
507,20,레이드,9943,승리,28,2025-01-30 15:47:15.958817
654,267,PvP,2295,패배,117,2025-06-01 00:50:52.174935
639,37,PvP,6352,승리,48,2024-12-20 21:34:52.693725
753,188,이벤트,6406,무승부,37,2025-05-15 01:23:46.402097
282,71,이벤트,6503,무승부,13,2025-02-11 00:02:54.124151
688,43,PvP,8019,패배,78,2025-03-02 06:40:39.022684
706,79,PvP,5416,패배,35,2025-02-01 10:46:18.007183
297,203,PvE,5098,승리,26,2025-04-05 09:28:45.487123
173,290,이벤트,5674,무승부,29,2025-04-19 15:51:30.489439
864,253,PvP,3529,승리,15,2025-04-01 10:37:52.913672
468,182,이벤트,990,패배,108,2025-02-21 12:26:16.069914
813,161,PvE,471,무승부,85,2025-01-06 18:09:44.470614
809,262,레이드,6756,패배,37,2025-02-18 02:30:35.263766
91,193,레이드,9226,무승부,15,2025-04-22 12:06:30.543321
842,162,퀘스트,8268,승리,23,2025-03-19 04:21:17.527106
182,88,퀘스트,6814,무승부,57,2025-01-24 04:46:45.320120
862,296,이벤트,5419,패배,96,2025-03-15 17:14:08.746623
803,244,PvP,9063,승리,32,2025-01-05 00:26:00.798008
70,165,이벤트,9557,무승부,96,2024-12-10 23:43:58.220715
132,8,PvE,1952,패배,44,2025-05-16 06:08:41.464602
599,71,레이드,1909,패배,45,2025-03-06 04:55:28.797915
478,211,퀘스트,1958,승리,8,2025-05-29 12:52:18.925002
136,105,레이드,8008,무승부,44,2025-05-22 01:20:32.544478
165,203,레이드,4606,패배,81,2024-12-05 00:45:49.719341
29,238,이벤트,587,패배,28,2024-12-30 21:31:07.041600
498,102,퀘스트,9033,무승부,27,2025-05-13 10:37:51.897781
194,202,레이드,5992,패배,98,2025-04-08 22:49:57.656082
312,60,PvP,2931,패배,34,2024-12-24 11:03:23.123956
724,141,이벤트,3165,승리,76,2025-02-12 03:44:03.655740
641,82,PvP,3193,승리,42,2025-01-28 13:47:38.749901
538,98,레이드,2877,승리,104,2024-12-16 18:30:22.911984
141,279,PvE,9730,패배,80,2025-02-10 15:31:50.596150
174,60,PvP,1410,승리,21,2025-02-05 17:45:30.646120
7,284,PvE,5475,승리,88,2025-03-26 13:13:22.063479
582,165,퀘스트,3480,승리,98,2025-02-06 17:52:00.677775
378,64,레이드,8703,승리,34,2025-01-04 21:35:06.343654
74,123,PvE,8194,패배,113,2025-04-25 05:06:40.585560
619,180,PvE,5977,승리,39,2025-02-15 17:01:51.863333
332,83,PvE,9129,무승부,112,2025-02-27 04:25:58.429960
887,237,레이드,9971,패배,60,2025-06-01 03:03:11.502628
146,52,퀘스트,2065,패배,36,2025-02-01 12:26:57.042454
235,203,PvE,6070,무승부,18,2025-04-10 09:36:18.990128
221,299,퀘스트,9068,승리,65,2025-01-17 21:57:37.210470
585,251,퀘스트,9962,승리,100,2025-03-02 06:37:58.501094
804,212,레이드,3260,무승부,15,2025-01-22 21:15:42.373254
133,181,PvP,6641,승리,83,2025-05-13 00:18:28.002187
743,158,PvE,6051,패배,38,2025-01-11 11:28:26.441818
328,96,퀘스트,5991,패배,96,2024-12-09 12:49:31.891793
186,80,PvE,2885,무승부,108,2025-02-09 06:09:55.199708
42,82,이벤트,7945,무승부,105,2025-03-29 16:00:44.152615
552,169,퀘스트,6784,무승부,100,2025-02-01 20:07:41.112282
109,26,레이드,2214,승리,53,2025-01-17 01:48:35.134387
426,212,PvE,1746,승리,47,2025-01-15 20:14:16.874853
57,143,퀘스트,3936,패배,65,2025-04-21 01:29:47.911805
603,85,이벤트,7284,승리,25,2025-03-16 13:56:55.622239
351,45,이벤트,7582,무승부,65,2025-03-17 07:55:12.414654
502,13,이벤트,9000,패배,35,2025-02-10 17:12:53.441227
25,9,레이드,956,무승부,69,2025-01-02 23:34:02.376453
666,292,PvP,3270,패배,50,2025-02-26 03:04:48.259516
434,29,이벤트,1169,승리,94,2025-02-18 20:19:49.439818
440,190,레이드,7868,승리,22,2025-02-26 16:14:04.316622
52,45,PvE,3955,승리,9,2025-02-19 18:30:18.890338
412,167,이벤트,2040,패배,109,2024-12-03 23:49:13.828152
824,126,레이드,6928,패배,110,2025-04-01 06:09:00.237462
721,25,이벤트,9876,승리,104,2025-01-30 06:25:45.108042
265,62,PvP,9282,승리,74,2025-03-26 06:16:32.594476
693,83,퀘스트,2032,패배,77,2025-01-26 02:48:12.080159
618,28,이벤트,9414,무승부,91,2025-02-25 06:42:44.461266
704,187,이벤트,8447,승리,109,2025-04-01 23:15:19.682534
356,293,퀘스트,1789,패배,21,2024-12-29 01:15:49.387047
19,52,PvE,3017,무승부,81,2025-03-23 09:45:54.764845
845,288,PvP,2676,승리,118,2025-05-28 17:37:27.773481
343,123,PvE,951,승리,24,2025-01-28 17:27:19.979672
84,277,이벤트,6437,무승부,10,2025-01-26 23:55:48.603606
62,79,PvP,9733,승리,99,2025-01-06 22:36:28.814671
273,2,레이드,6429,무승부,12,2024-12-26 04:59:07.578737
286,197,퀘스트,7910,무승부,43,2025-04-11 04:51:16.435278
363,84,레이드,2776,무승부,87,2025-04-22 05:42:27.674755
890,34,퀘스트,8784,승리,85,2025-03-06 17:08:49.435626
13,261,레이드,241,패배,51,2024-12-17 00:38:50.882149
183,275,PvE,922,승리,103,2025-02-16 16:55:34.868308
389,35,레이드,4162,패배,36,2025-02-02 19:16:18.353723
722,18,PvE,1261,무승부,11,2025-04-06 16:02:15.870677
224,103,PvE,1976,무승부,22,2025-01-07 03:35:02.379755
559,8,이벤트,2503,무승부,22,2025-01-05 03:00:28.180297
634,157,이벤트,1278,승리,38,2025-05-22 06:28:29.301948
645,10,PvP,8826,패배,25,2025-05-01 08:42:01.318246
531,176,레이드,8063,승리,58,2025-01-24 18:36:23.706972
528,36,이벤트,8569,패배,60,2024-12-28 17:11:57.859010
637,221,퀘스트,4923,무승부,58,2025-03-05 01:37:46.788245
177,257,이벤트,1075,무승부,61,2024-12-18 21:32:11.845772
605,61,퀘스트,7089,승리,58,2025-02-02 00:39:17.195798
447,44,퀘스트,9050,승리,68,2025-06-01 06:11:31.862341
421,27,퀘스트,4008,패배,92,2025-01-20 10:17:24.366350
164,165,이벤트,8282,패배,54,2025-05-04 21:43:18.069997
249,270,이벤트,9946,무승부,69,2024-12-09 21:19:08.855756
741,251,레이드,8394,패배,80,2024-12-15 12:19:05.167334
794,172,퀘스트,1714,패배,100,2025-05-15 14:51:56.948578
75,103,퀘스트,7761,승리,97,2025-04-09 03:14:48.291627
114,18,레이드,7529,승리,99,2025-01-19 03:35:35.442566
515,222,이벤트,900,무승부,53,2025-04-04 06:50:51.862947
496,211,이벤트,3511,패배,47,2025-05-25 06:51:10.043195
105,146,PvE,6176,패배,76,2025-05-07 20:52:57.627999
115,131,이벤트,8774,무승부,104,2025-02-02 05:35:31.657370
451,191,PvP,2815,승리,55,2025-02-04 19:27:54.840741
93,275,퀘스트,9592,무승부,44,2024-12-31 12:18:46.593426
798,24,레이드,3131,패배,44,2024-12-11 18:37:19.613667
90,271,PvP,4506,패배,115,2025-03-14 10:15:25.736243
337,214,퀘스트,4852,무승부,44,2024-12-08 18:45:06.321077
889,95,PvE,7476,승리,82,2025-04-14 20:35:33.436909
825,110,PvP,7920,승리,35,2025-02-13 07:33:32.304521
836,157,PvE,8689,승리,93,2025-05-21 23:00:53.202179
548,276,레이드,7561,패배,27,2025-05-14 10:25:17.498578
553,194,레이드,6609,승리,57,2025-05-03 12:02:32.297228
95,204,퀘스트,1841,패배,116,2025-02-26 08:32:30.844219
12,124,PvE,3842,승리,58,2025-01-13 17:49:28.517090
899,106,레이드,5411,무승부,92,2025-02-11 04:12:30.241035
44,164,PvP,3375,무승부,87,2025-01-24 20:23:07.460005
43,221,레이드,8828,패배,116,2025-05-30 05:18:39.211608
330,222,이벤트,6664,무승부,85,2025-03-20 18:00:00.724004
168,119,퀘스트,4398,패배,112,2025-01-26 11:39:44.316689
786,59,퀘스트,6449,패배,9,2025-02-18 17:19:19.865044
542,262,PvP,9784,승리,77,2025-05-30 19:51:13.548841
723,254,PvE,5797,패배,26,2025-01-12 12:39:44.094937
849,129,이벤트,3257,패배,31,2024-12-19 19:45:47.951313
179,152,레이드,8637,패배,39,2025-05-03 05:12:59.084011
588,248,이벤트,2046,패배,97,2025-02-16 20:12:31.348410
791,229,퀘스트,8672,무승부,42,2025-01-01 16:26:34.304886
598,156,이벤트,7633,무승부,76,2025-05-03 01:56:27.083215
178,196,PvE,799,승리,70,2025-05-12 22:25:47.909874
696,48,PvE,3167,승리,80,2025-04-05 02:42:14.349668
716,109,이벤트,2102,무승부,65,2025-05-16 07:16:55.360469
718,201,퀘스트,2435,패배,9,2024-12-19 15:23:54.189247
384,58,레이드,8465,무승부,92,2025-01-28 15:27:24.376736
258,83,이벤트,4166,승리,71,2025-04-27 09:30:59.220983
443,72,PvE,2791,패배,99,2025-05-18 23:26:04.453084
336,202,PvP,4257,무승부,54,2025-03-20 15:20:01.931890
717,264,퀘스트,6853,무승부,113,2025-03-11 02:16:22.007308
16,281,PvE,4944,무승부,93,2025-01-28 06:37:54.125597
4,135,퀘스트,7677,무승부,114,2025-01-27 18:38:51.176263
663,298,퀘스트,3789,무승부,114,2025-01-23 22:07:56.607574
257,181,PvP,5249,패배,39,2025-03-21 12:54:33.215149
457,5,PvP,5104,무승부,23,2025-01-10 20:41:54.826287
479,227,레이드,3406,무승부,51,2025-03-03 07:48:30.532449
774,255,퀘스트,428,승리,28,2024-12-27 02:43:53.369164
394,133,퀘스트,5193,무승부,25,2025-03-17 09:52:05.974931
223,121,PvP,8313,무승부,9,2025-04-20 00:26:28.149844
530,82,이벤트,3914,패배,99,2025-02-09 23:51:51.086907
458,291,이벤트,5443,무승부,108,2025-03-20 14:01:18.802090
425,166,레이드,7279,패배,110,2025-01-02 12:54:59.752417
325,42,레이드,8757,무승부,43,2025-03-18 00:36:24.813515
535,200,이벤트,8133,패배,39,2025-02-18 10:04:24.056412
10,48,이벤트,2316,패배,59,2025-06-01 23:37:08.298499
250,54,이벤트,5260,패배,35,2025-03-26 18:26:31.352344
23,198,이벤트,9283,승리,99,2024-12-21 21:54:06.287721
357,250,레이드,4059,승리,84,2025-04-13 11:29:25.973642
222,86,이벤트,567,승리,40,2025-04-18 22:40:17.218975
606,206,이벤트,9158,패배,8,2025-04-15 10:39:40.369657
773,10,PvE,6724,무승부,60,2025-04-26 11:39:21.890386
884,72,이벤트,645,무승부,107,2025-04-23 08:52:09.856243
533,49,PvE,4859,승리,46,2025-05-30 13:29:48.285777
341,154,PvE,6914,승리,20,2025-05-20 08:46:27.170592
750,258,레이드,2814,패배,21,2025-03-14 03:52:42.087595
524,30,퀘스트,128,승리,80,2024-12-12 10:31:28.725107
204,234,PvP,2073,승리,59,2025-04-18 12:26:34.890422
238,101,PvE,2396,무승부,87,2025-03-06 10:33:47.816265
94,41,레이드,9758,승리,107,2025-03-23 08:00:50.332774
539,101,PvP,9473,무승부,78,2025-04-10 20:42:06.878224
446,17,퀘스트,7419,승리,44,2025-05-22 15:22:14.342554
683,240,레이드,5399,무승부,59,2024-12-21 14:18:50.969326
285,16,PvE,7895,승리,81,2025-02-22 22:47:05.972138
185,212,PvE,2999,승리,89,2025-02-28 14:02:13.782936
800,159,레이드,6731,승리,85,2025-01-17 10:41:34.871678
435,231,이벤트,8162,무승부,65,2024-12-18 01:28:21.938384
736,265,PvP,3346,무승부,88,2025-04-22 14:20:06.791542
154,84,PvE,911,패배,108,2025-02-18 04:19:01.441895
76,233,퀘스트,9310,승리,90,2025-02-26 23:27:24.801383
880,256,레이드,2411,패배,72,2025-03-05 12:10:57.290647
555,273,레이드,4679,승리,110,2025-04-29 22:57:39.234704
278,74,이벤트,5884,무승부,48,2025-01-17 20:38:54.689779
69,92,PvE,6552,패배,45,2025-01-24 22:56:27.141271
569,140,퀘스트,3098,승리,44,2024-12-04 09:29:50.233572
189,264,레이드,2165,무승부,79,2025-01-10 21:35:30.045129
272,287,이벤트,2352,패배,75,2025-04-21 18:18:58.004632
668,130,이벤트,1809,승리,55,2025-05-02 07:22:00.294653
560,269,PvE,6406,패배,47,2025-02-18 10:53:01.744740
237,207,퀘스트,7215,패배,29,2024-12-25 10:06:04.928550
89,244,PvE,6605,승리,18,2025-01-12 00:27:16.921065
793,296,이벤트,3530,패배,56,2024-12-22 07:40:16.529258
118,253,퀘스트,8284,승리,40,2025-02-16 11:08:11.128780
126,216,퀘스트,243,무승부,60,2025-01-19 05:58:49.691344
738,258,이벤트,3192,승리,19,2025-03-23 12:15:54.087373
290,29,PvE,233,패배,77,2024-12-22 05:24:33.066118
239,285,퀘스트,5842,무승부,77,2025-04-14 17:05:19.833155
1,233,이벤트,7766,승리,25,2025-04-24 10:41:48.611932
891,226,퀘스트,8572,무승부,95,2025-05-17 01:00:52.331388
602,248,레이드,4629,패배,104,2025-03-16 13:34:43.215309
856,162,이벤트,8324,패배,42,2025-03-25 18:55:35.699532
396,53,PvP,9543,패배,9,2025-02-13 14:11:28.988876
536,46,퀘스트,4569,무승부,16,2025-02-16 04:13:18.421808
127,1,퀘스트,2606,승리,51,2025-01-30 12:40:21.784100
279,65,이벤트,1142,승리,97,2025-02-08 03:36:08.797688
697,201,레이드,3775,패배,99,2025-04-06 05:25:17.025177
117,191,퀘스트,4441,무승부,42,2025-01-31 05:35:30.319240
229,10,PvP,3300,무승부,33,2025-01-02 21:20:53.676232
814,239,PvE,9574,승리,109,2025-04-08 03:57:06.624527
661,3,레이드,5546,승리,66,2025-01-04 18:17:59.186795
58,75,PvP,3240,무승부,44,2024-12-07 09:39:48.495537
785,225,퀘스트,5790,패배,20,2025-02-12 11:03:02.392330
275,211,퀘스트,3052,무승부,51,2025-04-14 17:56:14.627282
319,281,퀘스트,6967,패배,96,2025-05-04 02:30:15.322433
631,132,PvE,3244,패배,54,2025-04-11 20:18:29.422817
145,8,이벤트,9883,무승부,27,2025-05-17 19:07:28.672071
714,3,레이드,1193,무승부,29,2024-12-15 18:21:40.586100
596,277,PvP,7446,무승부,92,2025-02-10 17:38:18.799978
817,128,퀘스트,7996,승리,34,2025-01-11 17:07:35.947562
782,231,PvP,9326,패배,64,2025-04-27 16:36:41.510713
370,214,퀘스트,171,무승부,79,2025-02-27 19:32:33.775955
269,55,PvP,7258,무승부,28,2025-04-19 09:11:25.495331
629,266,PvE,8562,승리,17,2025-03-31 23:44:20.608293
308,104,PvE,4644,패배,84,2025-01-24 01:03:30.125770
424,13,퀘스트,9314,무승부,12,2025-02-22 02:26:54.594136
311,272,PvE,7574,승리,80,2025-03-22 14:46:32.145410
355,139,레이드,8363,패배,66,2025-04-26 18:15:37.027142
47,57,레이드,7908,무승부,77,2025-03-23 16:18:24.668932
350,246,퀘스트,5813,무승부,63,2025-01-14 22:27:14.279700
372,236,레이드,6977,승리,30,2024-12-26 14:17:21.304045
480,290,PvP,1213,무승부,93,2025-04-22 09:38:49.630696
581,38,이벤트,872,패배,107,2025-05-15 06:09:53.421814
262,39,PvE,3808,무승부,78,2024-12-09 01:23:56.123294
196,94,퀘스트,9930,무승부,107,2025-05-13 23:53:47.736384
900,248,레이드,980,패배,30,2025-01-28 04:32:03.326599
751,162,퀘스트,116,승리,22,2025-02-18 15:07:44.049781
108,229,PvP,1409,패배,111,2025-04-09 13:31:20.868599
876,104,이벤트,286,패배,49,2025-02-13 19:53:11.725083
60,161,이벤트,8529,승리,56,2025-02-25 03:41:54.762764
692,280,이벤트,1201,무승부,45,2025-03-27 05:55:49.558823
264,237,퀘스트,2532,무승부,40,2025-05-28 15:48:43.398598
573,89,PvP,3810,승리,98,2025-03-26 15:24:29.991408
101,192,이벤트,6382,패배,70,2025-03-14 06:15:35.816777
444,224,PvP,8596,승리,97,2025-01-29 02:46:34.909220
491,193,퀘스트,1353,무승부,118,2025-04-06 23:56:59.372224
612,203,퀘스트,7047,무승부,100,2024-12-29 23:44:54.478966
807,217,PvE,204,패배,53,2025-04-27 17:52:23.719031
799,79,이벤트,905,승리,111,2025-01-28 08:57:01.718051
170,64,퀘스트,8493,패배,29,2025-05-20 19:05:56.263869
180,49,PvE,2750,무승부,63,2025-02-10 04:34:55.197203
305,228,PvP,7061,패배,74,2025-02-28 07:46:31.612838
342,145,PvE,8148,패배,92,2025-01-15 10:20:45.584108
868,101,PvE,578,무승부,119,2025-04-07 03:45:43.469906
150,151,PvE,1773,승리,92,2025-01-20 10:50:27.031164
125,147,퀘스트,1253,무승부,28,2025-04-11 19:01:31.240381
709,291,PvP,7809,무승부,5,2025-04-08 08:27:07.863291
51,269,PvE,9468,승리,103,2025-06-01 01:36:47.653562
354,147,퀘스트,2693,패배,70,2025-04-25 10:46:53.394614
831,273,PvE,675,무승부,98,2025-03-13 07:03:27.558550
143,256,PvP,270,패배,87,2025-04-04 04:00:19.910711
471,45,레이드,6811,무승부,31,2025-01-11 06:51:50.875910
400,106,PvP,3571,승리,61,2025-05-09 00:38:25.975992
852,12,PvP,9123,승리,96,2025-04-08 23:48:31.129446
321,6,퀘스트,7355,승리,74,2025-01-24 14:46:23.636842
20,169,퀘스트,9710,무승부,94,2025-05-21 12:49:45.600276
812,231,이벤트,9041,패배,99,2025-04-24 10:30:44.852809
713,287,이벤트,3045,패배,41,2025-03-15 12:34:01.735134
729,50,레이드,9154,무승부,64,2025-01-18 18:35:05.603276
408,132,PvE,8522,무승부,90,2025-01-07 22:54:44.247284
822,19,PvP,6421,승리,39,2025-05-28 14:06:15.740528
39,165,이벤트,6779,무승부,88,2025-04-02 17:15:50.327363
176,31,PvP,1368,패배,28,2025-05-11 11:26:59.774396
246,110,이벤트,9614,무승부,23,2025-02-25 13:10:29.399201
747,138,PvP,3720,무승부,16,2024-12-29 12:24:00.046111
607,103,레이드,3954,패배,119,2025-05-20 10:49:58.380300
680,197,PvE,3226,무승부,90,2025-04-21 01:13:20.010108
771,242,이벤트,1282,패배,89,2025-03-06 09:21:52.596256
155,2,PvP,3729,승리,68,2025-01-28 18:12:30.366126
288,41,PvP,908,승리,71,2025-03-11 16:12:55.597250
545,298,PvP,449,패배,40,2025-03-22 22:54:17.401439
18,103,PvP,6230,패배,5,2025-02-13 15:49:36.859595
128,157,PvP,5967,무승부,12,2025-05-29 18:05:21.898577
323,151,퀘스트,4690,승리,107,2025-05-12 19:26:14.810320
256,43,PvE,3680,무승부,8,2025-04-16 09:59:42.061916
597,201,레이드,2403,승리,98,2025-03-20 23:56:30.248203
866,173,PvP,6025,패배,52,2025-05-18 12:51:51.478132
191,260,레이드,9833,승리,21,2025-02-02 13:03:36.839407
116,182,퀘스트,7101,승리,14,2024-12-02 17:59:28.752089
558,14,퀘스트,9624,무승부,49,2024-12-30 17:45:27.582737
181,209,퀘스트,537,무승부,29,2025-02-02 05:35:26.965372
302,48,레이드,6163,무승부,75,2025-03-03 10:25:50.977496
685,12,PvP,5738,무승부,6,2025-02-03 02:17:10.838179
644,40,레이드,3333,무승부,34,2024-12-30 02:19:58.021993
733,281,레이드,7233,무승부,64,2025-02-23 03:42:57.487107
621,264,PvP,7526,승리,38,2025-04-29 11:56:49.839263
839,27,퀘스트,5355,무승부,83,2025-03-10 17:02:47.359106
518,62,퀘스트,6670,패배,111,2025-05-22 02:44:03.789202
885,175,이벤트,5387,무승부,80,2025-04-17 18:03:21.055911
46,150,퀘스트,6683,패배,118,2025-02-09 10:26:51.697634
815,78,PvP,1403,무승부,53,2024-12-08 23:59:57.954978
158,234,이벤트,1243,패배,20,2025-02-13 04:05:17.162574
671,9,퀘스트,3655,패배,36,2024-12-22 10:29:25.309395
172,44,PvE,4480,무승부,60,2025-02-17 04:51:27.529386
17,48,레이드,4186,승리,120,2025-01-06 11:32:08.796104
512,68,퀘스트,2157,승리,60,2024-12-14 23:25:32.161675
49,103,PvP,946,무승부,89,2025-03-29 14:38:52.309413
883,176,이벤트,934,승리,111,2025-03-09 07:49:03.811487
756,11,PvP,4811,무승부,5,2025-02-03 23:03:54.992034
516,180,PvE,8647,패배,110,2025-04-14 16:11:38.692645
622,56,이벤트,3448,승리,108,2025-05-16 22:08:13.744866
481,55,레이드,271,무승부,68,2025-02-27 13:46:35.720236
284,21,레이드,1919,패배,89,2025-05-10 04:38:28.030609
594,236,이벤트,7832,패배,105,2025-03-09 15:40:53.622229
226,77,PvE,8938,패배,112,2025-03-04 03:15:12.496280
27,217,퀘스트,7047,무승부,61,2025-02-21 22:58:57.914614
705,267,PvE,206,승리,117,2025-01-31 13:31:52.954297
438,39,이벤트,1538,패배,29,2025-06-01 06:41:18.952771
853,156,PvE,2388,패배,74,2025-05-03 22:06:16.945117
365,108,PvP,3062,무승부,69,2024-12-22 16:52:40.687421
230,112,PvE,864,패배,11,2025-01-06 18:00:05.857831
38,76,PvP,583,패배,57,2025-01-19 15:12:05.990000
867,240,PvE,4145,승리,77,2025-01-18 05:00:26.912470
375,194,이벤트,4906,무승부,16,2025-03-22 07:26:13.395076
470,128,PvE,207,승리,57,2025-05-25 10:37:05.386477
869,75,PvP,449,승리,109,2025-03-11 16:47:16.299628
765,174,PvP,605,무승부,85,2025-03-27 22:11:20.747785
657,9,PvP,5445,패배,33,2025-05-09 18:44:53.940462
195,43,이벤트,1204,승리,13,2025-02-10 12:48:02.009990
767,122,이벤트,6120,패배,29,2025-03-14 09:35:57.642389
826,55,PvP,5908,패배,88,2024-12-21 11:46:00.649038
504,68,이벤트,8030,승리,22,2025-04-19 20:49:49.675749
871,222,PvE,867,패배,5,2025-03-30 14:05:01.404899
865,292,레이드,6761,패배,46,2024-12-09 05:39:31.931465
580,243,PvP,5485,무승부,110,2025-04-13 07:06:22.329909
870,277,이벤트,7957,패배,75,2025-03-27 18:22:06.013528
163,91,PvP,4908,패배,118,2025-01-30 16:19:20.749640
636,261,PvE,3209,무승부,27,2024-12-22 03:17:49.310611
153,23,퀘스트,7900,승리,32,2025-03-11 06:03:50.373434
617,287,PvP,5552,패배,66,2025-01-22 10:50:58.546544
635,130,PvP,1384,패배,87,2025-02-17 03:53:28.285565
681,20,PvE,3623,무승부,95,2025-05-28 06:23:02.270414
112,294,퀘스트,562,승리,110,2025-01-08 17:08:58.333730
227,152,PvP,1767,무승부,21,2025-01-03 12:36:20.894515
623,52,PvP,2869,무승부,76,2025-02-23 10:35:48.827597
104,45,PvE,7528,승리,64,2025-05-30 21:13:43.583241
422,62,PvE,6835,패배,57,2024-12-09 08:08:01.524034
420,43,레이드,7786,승리,101,2025-03-15 06:24:11.228789
587,201,이벤트,8107,승리,68,2025-03-28 19:36:33.580096
120,120,PvE,8152,패배,37,2025-02-21 06:31:04.914563
54,192,PvP,9484,패배,15,2025-04-22 11:46:08.824278
152,292,PvE,9924,패배,20,2025-05-15 18:29:53.998450
404,33,PvE,1770,무승부,54,2025-05-16 22:37:48.446965
848,107,이벤트,3322,무승부,86,2025-02-17 03:51:43.829210
208,292,레이드,6860,무승부,79,2025-02-11 12:12:50.565485
759,41,이벤트,2213,무승부,92,2025-04-07 05:21:37.593702
854,283,퀘스트,8802,무승부,37,2024-12-17 10:56:52.211149
9,135,퀘스트,5725,승리,11,2025-05-24 05:12:42.357821
760,210,퀘스트,5818,승리,7,2025-02-24 17:07:14.370711
37,209,레이드,652,승리,21,2025-01-20 04:18:09.025280
453,9,퀘스트,8533,승리,27,2025-03-31 05:01:43.223724
254,224,퀘스트,4908,승리,9,2025-01-15 00:07:11.655517
304,80,이벤트,382,승리,98,2025-02-26 04:32:10.986422
673,105,PvE,3054,패배,40,2024-12-09 21:03:03.512000
572,75,이벤트,4001,승리,91,2025-04-28 03:19:20.230739
624,175,레이드,626,승리,110,2025-02-09 21:39:09.921672
690,183,PvE,113,패배,82,2025-03-16 15:09:35.062130
651,186,PvP,4302,무승부,112,2025-04-09 11:37:00.841444
263,165,PvP,4131,무승부,108,2025-02-02 17:21:43.317519
